{
  "axes": [
    {
      "scale": "x",
      "title": "Index",
      "type": "x"
    },
    {
      "scale": "y",
      "title": "Value",
      "type": "y"
    }
  ],
  "data": [
    {
      "name": "table",
      "values": [
        {
          "col": "data",
          "idx": 0,
          "val": 54
        },
        {
          "col": "data",
          "idx": 1,
          "val": 46
        },
        {
          "col": "data",
          "idx": 2,
          "val": 81
        },
        {
          "col": "data",
          "idx": 3,
          "val": 25
        },
        {
          "col": "data",
          "idx": 4,
          "val": 31
        },
        {
          "col": "data",
          "idx": 5,
          "val": 88
        },
        {
          "col": "data",
          "idx": 6,
          "val": 52
        },
        {
          "col": "data",
          "idx": 7,
          "val": 24
        },
        {
          "col": "data",
          "idx": 8,
          "val": 79
        },
        {
          "col": "data",
          "idx": 9,
          "val": 96
        },
        {
          "col": "data",
          "idx": 10,
          "val": 38
        },
        {
          "col": "data",
          "idx": 11,
          "val": 17
        },
        {
          "col": "data",
          "idx": 12,
          "val": 51
        },
        {
          "col": "data",
          "idx": 13,
          "val": 44
        },
        {
          "col": "data",
          "idx": 14,
          "val": 44
        },
        {
          "col": "data",
          "idx": 15,
          "val": 94
        },
        {
          "col": "data",
          "idx": 16,
          "val": 73
        },
        {
          "col": "data",
          "idx": 17,
          "val": 30
        },
        {
          "col": "data",
          "idx": 18,
          "val": 33
        },
        {
          "col": "data",
          "idx": 19,
          "val": 51
        },
        {
          "col": "data",
          "idx": 20,
          "val": 99
        }
      ]
    },
    {
      "name": "stats",
      "source": "table",
      "transform": [
        {
          "keys": [
            "data.idx"
          ],
          "type": "facet"
        },
        {
          "type": "stats",
          "value": "data.val"
        }
      ]
    }
  ],
  "height": 500,
  "legends": [],
  "marks": [
    {
      "from": {
        "data": "table",
        "transform": [
          {
            "keys": [
              "data.col"
            ],
            "type": "facet"
          },
          {
            "height": "data.val",
            "point": "data.idx",
            "type": "stack"
          }
        ]
      },
      "marks": [
        {
          "properties": {
            "enter": {
              "fill": {
                "field": "data.col",
                "scale": "color"
              },
              "width": {
                "band": true,
                "offset": -1,
                "scale": "x"
              },
              "x": {
                "field": "data.idx",
                "scale": "x"
              },
              "y": {
                "field": "y",
                "scale": "y"
              },
              "y2": {
                "field": "y2",
                "scale": "y"
              }
            }
          },
          "type": "rect"
        }
      ],
      "type": "group"
    }
  ],
  "padding": "auto",
  "scales": [
    {
      "domain": {
        "data": "table",
        "field": "data.idx"
      },
      "name": "x",
      "range": "width",
      "type": "ordinal",
      "zero": false
    },
    {
      "domain": {
        "data": "stats",
        "field": "sum"
      },
      "name": "y",
      "nice": true,
      "range": "height"
    },
    {
      "domain": {
        "data": "table",
        "field": "data.col"
      },
      "name": "color",
      "range": "category20",
      "type": "ordinal"
    }
  ],
  "width": 960
}