{
  "axes": [
    {
      "scale": "x",
      "title": "Index",
      "type": "x"
    },
    {
      "scale": "y",
      "title": "Value",
      "type": "y"
    }
  ],
  "data": [
    {
      "name": "table",
      "values": [
        {
          "col": "y1",
          "idx": 0,
          "val": 54
        },
        {
          "col": "y1",
          "idx": 1,
          "val": 46
        },
        {
          "col": "y1",
          "idx": 2,
          "val": 81
        },
        {
          "col": "y1",
          "idx": 3,
          "val": 25
        },
        {
          "col": "y1",
          "idx": 4,
          "val": 31
        },
        {
          "col": "y1",
          "idx": 5,
          "val": 88
        },
        {
          "col": "y1",
          "idx": 6,
          "val": 52
        },
        {
          "col": "y1",
          "idx": 7,
          "val": 24
        },
        {
          "col": "y1",
          "idx": 8,
          "val": 79
        },
        {
          "col": "y1",
          "idx": 9,
          "val": 96
        },
        {
          "col": "y1",
          "idx": 10,
          "val": 38
        },
        {
          "col": "y1",
          "idx": 11,
          "val": 17
        },
        {
          "col": "y1",
          "idx": 12,
          "val": 51
        },
        {
          "col": "y1",
          "idx": 13,
          "val": 44
        },
        {
          "col": "y1",
          "idx": 14,
          "val": 44
        },
        {
          "col": "y1",
          "idx": 15,
          "val": 94
        },
        {
          "col": "y1",
          "idx": 16,
          "val": 73
        },
        {
          "col": "y1",
          "idx": 17,
          "val": 30
        },
        {
          "col": "y1",
          "idx": 18,
          "val": 33
        },
        {
          "col": "y1",
          "idx": 19,
          "val": 51
        },
        {
          "col": "y1",
          "idx": 20,
          "val": 99
        },
        {
          "col": "y2",
          "idx": 0,
          "val": 28
        },
        {
          "col": "y2",
          "idx": 1,
          "val": 72
        },
        {
          "col": "y2",
          "idx": 2,
          "val": 42
        },
        {
          "col": "y2",
          "idx": 3,
          "val": 94
        },
        {
          "col": "y2",
          "idx": 4,
          "val": 26
        },
        {
          "col": "y2",
          "idx": 5,
          "val": 25
        },
        {
          "col": "y2",
          "idx": 6,
          "val": 29
        },
        {
          "col": "y2",
          "idx": 7,
          "val": 10
        },
        {
          "col": "y2",
          "idx": 8,
          "val": 10
        },
        {
          "col": "y2",
          "idx": 9,
          "val": 79
        },
        {
          "col": "y2",
          "idx": 10,
          "val": 18
        },
        {
          "col": "y2",
          "idx": 11,
          "val": 48
        },
        {
          "col": "y2",
          "idx": 12,
          "val": 13
        },
        {
          "col": "y2",
          "idx": 13,
          "val": 58
        },
        {
          "col": "y2",
          "idx": 14,
          "val": 53
        },
        {
          "col": "y2",
          "idx": 15,
          "val": 82
        },
        {
          "col": "y2",
          "idx": 16,
          "val": 34
        },
        {
          "col": "y2",
          "idx": 17,
          "val": 40
        },
        {
          "col": "y2",
          "idx": 18,
          "val": 74
        },
        {
          "col": "y2",
          "idx": 19,
          "val": 65
        },
        {
          "col": "y2",
          "idx": 20,
          "val": 51
        },
        {
          "col": "y3",
          "idx": 0,
          "val": 19
        },
        {
          "col": "y3",
          "idx": 1,
          "val": 30
        },
        {
          "col": "y3",
          "idx": 2,
          "val": 13
        },
        {
          "col": "y3",
          "idx": 3,
          "val": 31
        },
        {
          "col": "y3",
          "idx": 4,
          "val": 41
        },
        {
          "col": "y3",
          "idx": 5,
          "val": 49
        },
        {
          "col": "y3",
          "idx": 6,
          "val": 64
        },
        {
          "col": "y3",
          "idx": 7,
          "val": 56
        },
        {
          "col": "y3",
          "idx": 8,
          "val": 62
        },
        {
          "col": "y3",
          "idx": 9,
          "val": 63
        },
        {
          "col": "y3",
          "idx": 10,
          "val": 96
        },
        {
          "col": "y3",
          "idx": 11,
          "val": 44
        },
        {
          "col": "y3",
          "idx": 12,
          "val": 80
        },
        {
          "col": "y3",
          "idx": 13,
          "val": 72
        },
        {
          "col": "y3",
          "idx": 14,
          "val": 71
        },
        {
          "col": "y3",
          "idx": 15,
          "val": 25
        },
        {
          "col": "y3",
          "idx": 16,
          "val": 91
        },
        {
          "col": "y3",
          "idx": 17,
          "val": 50
        },
        {
          "col": "y3",
          "idx": 18,
          "val": 60
        },
        {
          "col": "y3",
          "idx": 19,
          "val": 29
        },
        {
          "col": "y3",
          "idx": 20,
          "val": 70
        },
        {
          "col": "y4",
          "idx": 0,
          "val": 48
        },
        {
          "col": "y4",
          "idx": 1,
          "val": 27
        },
        {
          "col": "y4",
          "idx": 2,
          "val": 98
        },
        {
          "col": "y4",
          "idx": 3,
          "val": 74
        },
        {
          "col": "y4",
          "idx": 4,
          "val": 45
        },
        {
          "col": "y4",
          "idx": 5,
          "val": 19
        },
        {
          "col": "y4",
          "idx": 6,
          "val": 20
        },
        {
          "col": "y4",
          "idx": 7,
          "val": 59
        },
        {
          "col": "y4",
          "idx": 8,
          "val": 55
        },
        {
          "col": "y4",
          "idx": 9,
          "val": 75
        },
        {
          "col": "y4",
          "idx": 10,
          "val": 50
        },
        {
          "col": "y4",
          "idx": 11,
          "val": 72
        },
        {
          "col": "y4",
          "idx": 12,
          "val": 85
        },
        {
          "col": "y4",
          "idx": 13,
          "val": 85
        },
        {
          "col": "y4",
          "idx": 14,
          "val": 80
        },
        {
          "col": "y4",
          "idx": 15,
          "val": 60
        },
        {
          "col": "y4",
          "idx": 16,
          "val": 42
        },
        {
          "col": "y4",
          "idx": 17,
          "val": 13
        },
        {
          "col": "y4",
          "idx": 18,
          "val": 58
        },
        {
          "col": "y4",
          "idx": 19,
          "val": 33
        },
        {
          "col": "y4",
          "idx": 20,
          "val": 59
        }
      ]
    }
  ],
  "height": 500,
  "legends": [
    {
      "fill": "color",
      "offset": 0,
      "properties": {},
      "title": "Categories"
    }
  ],
  "marks": [
    {
      "from": {
        "data": "table",
        "transform": [
          {
            "keys": [
              "data.col"
            ],
            "type": "facet"
          }
        ]
      },
      "marks": [
        {
          "properties": {
            "enter": {
              "stroke": {
                "field": "data.col",
                "scale": "color"
              },
              "strokeWidth": {
                "value": 2
              },
              "x": {
                "field": "data.idx",
                "scale": "x"
              },
              "y": {
                "field": "data.val",
                "scale": "y"
              }
            }
          },
          "type": "line"
        }
      ],
      "type": "group"
    }
  ],
  "padding": "auto",
  "scales": [
    {
      "domain": {
        "data": "table",
        "field": "data.idx"
      },
      "name": "x",
      "range": "width",
      "type": "linear"
    },
    {
      "domain": {
        "data": "table",
        "field": "data.val"
      },
      "name": "y",
      "nice": true,
      "range": "height"
    },
    {
      "domain": {
        "data": "table",
        "field": "data.col"
      },
      "name": "color",
      "range": "category20",
      "type": "ordinal"
    }
  ],
  "width": 960
}