{
  "axes": [
    {
      "scale": "x",
      "type": "x"
    },
    {
      "scale": "y",
      "type": "y"
    }
  ],
  "data": [
    {
      "name": "table",
      "values": [
        {
          "col": "data",
          "idx": 0,
          "val": 10
        },
        {
          "col": "data",
          "idx": 1,
          "val": 20
        },
        {
          "col": "data",
          "idx": 2,
          "val": 30
        },
        {
          "col": "data",
          "idx": 3,
          "val": 20
        },
        {
          "col": "data",
          "idx": 4,
          "val": 15
        },
        {
          "col": "data",
          "idx": 5,
          "val": 30
        },
        {
          "col": "data",
          "idx": 6,
          "val": 45
        }
      ]
    },
    {
      "name": "stats",
      "source": "table",
      "transform": [
        {
          "keys": [
            "data.idx"
          ],
          "type": "facet"
        },
        {
          "type": "stats",
          "value": "data.val"
        }
      ]
    }
  ],
  "height": 500,
  "legends": [],
  "marks": [
    {
      "from": {
        "data": "table",
        "transform": [
          {
            "keys": [
              "data.col"
            ],
            "type": "facet"
          },
          {
            "height": "data.val",
            "point": "data.idx",
            "type": "stack"
          }
        ]
      },
      "marks": [
        {
          "properties": {
            "enter": {
              "fill": {
                "field": "data.col",
                "scale": "color"
              },
              "interpolate": {
                "value": "monotone"
              },
              "x": {
                "field": "data.idx",
                "scale": "x"
              },
              "y": {
                "field": "y",
                "scale": "y"
              },
              "y2": {
                "field": "y2",
                "scale": "y"
              }
            }
          },
          "type": "area"
        }
      ],
      "type": "group"
    }
  ],
  "padding": "auto",
  "scales": [
    {
      "domain": {
        "data": "table",
        "field": "data.idx"
      },
      "name": "x",
      "range": "width",
      "type": "linear",
      "zero": false
    },
    {
      "domain": {
        "data": "stats",
        "field": "sum"
      },
      "name": "y",
      "nice": true,
      "range": "height"
    },
    {
      "domain": {
        "data": "table",
        "field": "data.col"
      },
      "name": "color",
      "range": "category20",
      "type": "ordinal"
    }
  ],
  "width": 960
}